{"cameraMode":{"drawMode":0,"name":"Shaded","section":"Shading Mode"},"sceneLighting":true,"audioPlay":false,"sceneViewState":{"m_AlwaysRefresh":false,"showFog":true,"showSkybox":true,"showFlares":true,"showImageEffects":true,"showParticleSystems":true,"showVisualEffectGraphs":true,"m_FxEnabled":true},"in2DMode":false,"pivot":{"x":5.103355407714844,"y":-7.1075897216796879,"z":20.540714263916017},"rotation":{"x":0.2776082158088684,"y":0.024494273588061334,"z":-0.0070807752199471,"w":0.9603532552719116},"size":33.78080368041992,"orthographic":false}