{"cameraMode":{"drawMode":0,"name":"Shaded","section":"Shading Mode"},"sceneLighting":false,"audioPlay":false,"sceneViewState":{"m_AlwaysRefresh":false,"showFog":true,"showSkybox":false,"showFlares":true,"showImageEffects":true,"showParticleSystems":true,"showVisualEffectGraphs":true,"m_FxEnabled":true},"in2DMode":false,"pivot":{"x":3.232248306274414,"y":-2.3604178428649904,"z":13.490925788879395},"rotation":{"x":0.1211569607257843,"y":-0.026797736063599588,"z":0.003271590918302536,"w":0.992264986038208},"size":13.357014656066895,"orthographic":false}